value,time,kind
3.6,1,1
1.0,1,3
0.971111111111,2,2
21.444,2,4
35.4818777778,3,3
23.9046148148,3,5
431.000969277,4,4
15.0914,4,0
131.019599748,5,5
51.2316796672,5,1
51.2316796672,6,0
183.882079937,6,2
-816.817763105,7,1
409.283676496,7,3
1675.3654001,8,2
595182.077228,8,4
