value,time,kind
4.73520242835,1,1
0.768356227542,1,3
1.59449180167,2,2
19.7529200139,2,4
33.7697188288,3,3
24.4012566689,3,5
432.354281716,4,4
13.7388480909,4,0
130.916475419,5,5
50.8049738888,5,1
50.8865406968,6,0
182.62833829,6,2
-817.659556626,7,1
409.079976328,7,3
1676.50528056,8,2
595181.794108,8,4
